[
  {
    "id": "f7e2a036-a342-4cea-9f97-a810a7d53a30",
    "data": [
      {
        "text": "what do you do",
        "userDefined": false
      }
    ],
    "isTemplate": false,
    "count": 0,
    "updated": 0
  },
  {
    "id": "4ada5160-0d8a-498f-bc19-6540ab563ba5",
    "data": [
      {
        "text": "what are you capable of",
        "userDefined": false
      }
    ],
    "isTemplate": false,
    "count": 0,
    "updated": 0
  },
  {
    "id": "e97362a7-9a23-4c9c-abde-2c02d0401b9b",
    "data": [
      {
        "text": "how can you help me",
        "userDefined": false
      }
    ],
    "isTemplate": false,
    "count": 0,
    "updated": 0
  },
  {
    "id": "6cdf0166-6176-4f13-b258-41fb1b031f32",
    "data": [
      {
        "text": "what can do you for me",
        "userDefined": false
      }
    ],
    "isTemplate": false,
    "count": 0,
    "updated": 0
  },
  {
    "id": "9b6a30d9-4db9-42a5-a2db-3de1e3b13ae6",
    "data": [
      {
        "text": "what can you do",
        "userDefined": false
      }
    ],
    "isTemplate": false,
    "count": 0,
    "updated": 0
  }
]