[
  {
    "id": "df11f346-7cec-47ae-8efd-5bc47898e6ab",
    "data": [
      {
        "text": "i want something random",
        "userDefined": false
      }
    ],
    "isTemplate": false,
    "count": 0,
    "updated": 0
  },
  {
    "id": "c512e0b9-2dee-4ef3-af94-28f17d023114",
    "data": [
      {
        "text": "i want a random recipe",
        "userDefined": false
      }
    ],
    "isTemplate": false,
    "count": 0,
    "updated": 0
  },
  {
    "id": "65d7ef69-52e5-4895-ac8e-52c647f04152",
    "data": [
      {
        "text": "give me something random",
        "userDefined": false
      }
    ],
    "isTemplate": false,
    "count": 0,
    "updated": 0
  },
  {
    "id": "c020f5ae-4f2d-493f-962a-692ddc473654",
    "data": [
      {
        "text": "give me a random recipe",
        "userDefined": false
      }
    ],
    "isTemplate": false,
    "count": 0,
    "updated": 0
  },
  {
    "id": "9e1cfb62-3889-4215-8efd-1befa4977222",
    "data": [
      {
        "text": "surprise me",
        "userDefined": false
      }
    ],
    "isTemplate": false,
    "count": 0,
    "updated": 0
  },
  {
    "id": "72eca0a9-98cf-47ae-9582-65a616c2b823",
    "data": [
      {
        "text": "I\u0027m feeling frisky",
        "userDefined": false
      }
    ],
    "isTemplate": false,
    "count": 0,
    "updated": 0
  },
  {
    "id": "3dd8c4fc-3e7f-4143-bbdd-3472b9c38d04",
    "data": [
      {
        "text": "I\u0027m feeling lucky",
        "userDefined": false
      }
    ],
    "isTemplate": false,
    "count": 0,
    "updated": 0
  }
]