[
  {
    "id": "bb61afe3-4135-436c-a703-f22a2ca8aac1",
    "data": [
      {
        "text": "give me some recipes",
        "userDefined": false
      }
    ],
    "isTemplate": false,
    "count": 0,
    "updated": 0
  },
  {
    "id": "559181a4-efc3-4eee-8398-423f271b9c7a",
    "data": [
      {
        "text": "what should i ",
        "userDefined": false
      },
      {
        "text": "make",
        "meta": "@sys.ignore",
        "userDefined": false
      }
    ],
    "isTemplate": false,
    "count": 0,
    "updated": 0
  },
  {
    "id": "abdb40bd-a6af-4e71-bcd1-625e8514fe5e",
    "data": [
      {
        "text": "i want to ",
        "userDefined": false
      },
      {
        "text": "make",
        "meta": "@sys.ignore",
        "userDefined": false
      },
      {
        "text": " something",
        "userDefined": false
      }
    ],
    "isTemplate": false,
    "count": 0,
    "updated": 0
  },
  {
    "id": "d5f8f647-2635-4aa3-82e9-0f6e707cbf16",
    "data": [
      {
        "text": "i want to cook",
        "userDefined": false
      }
    ],
    "isTemplate": false,
    "count": 0,
    "updated": 0
  },
  {
    "id": "789cbc82-2364-4628-a30c-900b483358b8",
    "data": [
      {
        "text": "i want to ",
        "userDefined": false
      },
      {
        "text": "make",
        "meta": "@sys.ignore",
        "userDefined": false
      },
      {
        "text": " some food",
        "userDefined": false
      }
    ],
    "isTemplate": false,
    "count": 0,
    "updated": 0
  },
  {
    "id": "f4a916c1-1d43-4ede-b03f-69416d90b1fb",
    "data": [
      {
        "text": "do you have any recipes",
        "userDefined": false
      }
    ],
    "isTemplate": false,
    "count": 0,
    "updated": 0
  },
  {
    "id": "1c15711a-3e1e-46f6-8a88-d86377122ecc",
    "data": [
      {
        "text": "what\u0027s a ",
        "userDefined": false
      },
      {
        "text": "good",
        "meta": "@sys.ignore",
        "userDefined": false
      },
      {
        "text": " recipe",
        "userDefined": false
      }
    ],
    "isTemplate": false,
    "count": 0,
    "updated": 0
  },
  {
    "id": "50bacd5b-729a-4370-9da8-6ead2fe56f84",
    "data": [
      {
        "text": "what should i eat",
        "userDefined": false
      }
    ],
    "isTemplate": false,
    "count": 0,
    "updated": 0
  }
]