[
  {
    "id": "7e484268-6a20-4fbe-9152-3c5e4b240b05",
    "data": [
      {
        "text": "potato",
        "alias": "Ingredient5",
        "meta": "@Ingredient",
        "userDefined": true
      },
      {
        "text": " ",
        "userDefined": false
      },
      {
        "text": "potato",
        "alias": "Ingredient",
        "meta": "@Ingredient",
        "userDefined": true
      },
      {
        "text": " ",
        "userDefined": false
      },
      {
        "text": "potato",
        "alias": "Ingredient1",
        "meta": "@Ingredient",
        "userDefined": true
      },
      {
        "text": " ",
        "userDefined": false
      },
      {
        "text": "potato",
        "alias": "Ingredient2",
        "meta": "@Ingredient",
        "userDefined": true
      },
      {
        "text": " ",
        "userDefined": false
      },
      {
        "text": "potato",
        "alias": "Ingredient3",
        "meta": "@Ingredient",
        "userDefined": true
      },
      {
        "text": " ",
        "userDefined": false
      },
      {
        "text": "potato",
        "alias": "Ingredient4",
        "meta": "@Ingredient",
        "userDefined": true
      }
    ],
    "isTemplate": false,
    "count": 0,
    "updated": 0
  }
]