[
  {
    "value": "bok choy",
    "synonyms": [
      "bok choy"
    ]
  },
  {
    "value": "snake beans",
    "synonyms": [
      "snake beans"
    ]
  },
  {
    "value": "sorrel leaves",
    "synonyms": [
      "sorrel leaves"
    ]
  },
  {
    "value": "rocket leaves",
    "synonyms": [
      "rocket leaves"
    ]
  },
  {
    "value": "tomatoes",
    "synonyms": [
      "tomatoes"
    ]
  },
  {
    "value": "lime",
    "synonyms": [
      "lime"
    ]
  },
  {
    "value": "plantain",
    "synonyms": [
      "plantain"
    ]
  },
  {
    "value": "turnip",
    "synonyms": [
      "turnip"
    ]
  },
  {
    "value": "potato",
    "synonyms": [
      "potato",
      "potatoes"
    ]
  },
  {
    "value": "gourd",
    "synonyms": [
      "round gourd",
      "bitter gourd",
      "bottle gourd"
    ]
  },
  {
    "value": "spinach",
    "synonyms": [
      "spinach"
    ]
  },
  {
    "value": "onion",
    "synonyms": [
      "onions"
    ]
  },
  {
    "value": "mustard leaf",
    "synonyms": [
      "mustard leaves"
    ]
  },
  {
    "value": "mushroom",
    "synonyms": [
      "mushrooms"
    ]
  },
  {
    "value": "radish",
    "synonyms": [
      "radish"
    ]
  },
  {
    "value": "shallot",
    "synonyms": [
      "shallots"
    ]
  },
  {
    "value": "lettuce",
    "synonyms": [
      "lettuce"
    ]
  },
  {
    "value": "leek",
    "synonyms": [
      "leek"
    ]
  },
  {
    "value": "pumpkin",
    "synonyms": [
      "pumpkin"
    ]
  },
  {
    "value": "yam",
    "synonyms": [
      "yam"
    ]
  },
  {
    "value": "jalapeno",
    "synonyms": [
      "jalapeno"
    ]
  },
  {
    "value": "jackfruit",
    "synonyms": [
      "jackfruit"
    ]
  },
  {
    "value": "horseradish",
    "synonyms": [
      "horseradish"
    ]
  },
  {
    "value": "green peas",
    "synonyms": [
      "green peas"
    ]
  },
  {
    "value": "cluster beans",
    "synonyms": [
      "cluster beans"
    ]
  },
  {
    "value": "garlic",
    "synonyms": [
      "garlic"
    ]
  },
  {
    "value": "cucumber",
    "synonyms": [
      "cucumber"
    ]
  },
  {
    "value": "zucchini",
    "synonyms": [
      "zucchini"
    ]
  },
  {
    "value": "corn",
    "synonyms": [
      "corn"
    ]
  },
  {
    "value": "celery",
    "synonyms": [
      "celery"
    ]
  },
  {
    "value": "capers",
    "synonyms": [
      "capers"
    ]
  },
  {
    "value": "broccoli",
    "synonyms": [
      "broccoli"
    ]
  },
  {
    "value": "bell pepper",
    "synonyms": [
      "bell pepper"
    ]
  },
  {
    "value": "lotus stem",
    "synonyms": [
      "lotus stem"
    ]
  },
  {
    "value": "beetroot",
    "synonyms": [
      "beetroot"
    ]
  },
  {
    "value": "pigweed",
    "synonyms": [
      "pigweed"
    ]
  },
  {
    "value": "cabbage",
    "synonyms": [
      "cabbage"
    ]
  },
  {
    "value": "bamboo shoot",
    "synonyms": [
      "bamboo shoot"
    ]
  },
  {
    "value": "avocado",
    "synonyms": [
      "avocado"
    ]
  },
  {
    "value": "eggplant",
    "synonyms": [
      "eggplant"
    ]
  },
  {
    "value": "asparagus",
    "synonyms": [
      "asparagus"
    ]
  },
  {
    "value": "artichoke",
    "synonyms": [
      "artichoke"
    ]
  },
  {
    "value": "ginger",
    "synonyms": [
      "ginger"
    ]
  },
  {
    "value": "corlander powder",
    "synonyms": [
      "corlander powder"
    ]
  },
  {
    "value": "chives",
    "synonyms": [
      "chives"
    ]
  },
  {
    "value": "galangal",
    "synonyms": [
      "galangal"
    ]
  },
  {
    "value": "oregano",
    "synonyms": [
      "oregano"
    ]
  },
  {
    "value": "nasturtium",
    "synonyms": [
      "nasturtium"
    ]
  },
  {
    "value": "salt",
    "synonyms": [
      "salt"
    ]
  },
  {
    "value": "mustard powder",
    "synonyms": [
      "mustard powder"
    ]
  },
  {
    "value": "paprika",
    "synonyms": [
      "paprika"
    ]
  },
  {
    "value": "mint leaves",
    "synonyms": [
      "mint leaves"
    ]
  },
  {
    "value": "yellow chillies",
    "synonyms": [
      "yellow chillies"
    ]
  },
  {
    "value": "marjoram",
    "synonyms": [
      "marjoram"
    ]
  },
  {
    "value": "lemongrass",
    "synonyms": [
      "lemongrass"
    ]
  },
  {
    "value": "red chilli",
    "synonyms": [
      "red chilli"
    ]
  },
  {
    "value": "saffron",
    "synonyms": [
      "saffron"
    ]
  },
  {
    "value": "mace",
    "synonyms": [
      "mace"
    ]
  },
  {
    "value": "nutmeg",
    "synonyms": [
      "nutmeg"
    ]
  },
  {
    "value": "thyme",
    "synonyms": [
      "thyme"
    ]
  },
  {
    "value": "turmeric",
    "synonyms": [
      "turmeric"
    ]
  },
  {
    "value": "fennel",
    "synonyms": [
      "fennel"
    ]
  },
  {
    "value": "dill",
    "synonyms": [
      "dill"
    ]
  },
  {
    "value": "dry ginger powder",
    "synonyms": [
      "dry ginger powder"
    ]
  },
  {
    "value": "curry leaves",
    "synonyms": [
      "curry leaves"
    ]
  },
  {
    "value": "cumin seeds",
    "synonyms": [
      "cumin seeds"
    ]
  },
  {
    "value": "coriander leaves",
    "synonyms": [
      "coriander leaves"
    ]
  },
  {
    "value": "cloves",
    "synonyms": [
      "cloves"
    ]
  },
  {
    "value": "cinnamon",
    "synonyms": [
      "cinnamon"
    ]
  },
  {
    "value": "cayenne",
    "synonyms": [
      "cayenne"
    ]
  },
  {
    "value": "cajun spices",
    "synonyms": [
      "cajun spices"
    ]
  },
  {
    "value": "black pepper",
    "synonyms": [
      "black pepper"
    ]
  },
  {
    "value": "bay leaf",
    "synonyms": [
      "bay leaf"
    ]
  },
  {
    "value": "basil",
    "synonyms": [
      "basil"
    ]
  },
  {
    "value": "aniseed",
    "synonyms": [
      "aniseed"
    ]
  },
  {
    "value": "parsley",
    "synonyms": [
      "parsley"
    ]
  },
  {
    "value": "amaranth",
    "synonyms": [
      "amaranth"
    ]
  },
  {
    "value": "flour",
    "synonyms": [
      "flour"
    ]
  },
  {
    "value": "muesli",
    "synonyms": [
      "muesli"
    ]
  },
  {
    "value": "oats",
    "synonyms": [
      "oats"
    ]
  },
  {
    "value": "jowar",
    "synonyms": [
      "jowar"
    ]
  },
  {
    "value": "rice",
    "synonyms": [
      "rice"
    ]
  },
  {
    "value": "tapioca",
    "synonyms": [
      "tapioca"
    ]
  },
  {
    "value": "semolina",
    "synonyms": [
      "semolina"
    ]
  },
  {
    "value": "buckwheat",
    "synonyms": [
      "buckwheat"
    ]
  },
  {
    "value": "kidney beans",
    "synonyms": [
      "kidney beans"
    ]
  },
  {
    "value": "green gram",
    "synonyms": [
      "green gram"
    ]
  },
  {
    "value": "lentils",
    "synonyms": [
      "lentils"
    ]
  },
  {
    "value": "cornmeal",
    "synonyms": [
      "cornmeal"
    ]
  },
  {
    "value": "couscous",
    "synonyms": [
      "couscous"
    ]
  },
  {
    "value": "bread",
    "synonyms": [
      "bread"
    ]
  },
  {
    "value": "black beans",
    "synonyms": [
      "black beans"
    ]
  },
  {
    "value": "pinto beans",
    "synonyms": [
      "pinto beans"
    ]
  },
  {
    "value": "chickpeas",
    "synonyms": [
      "chickpeas"
    ]
  },
  {
    "value": "barley",
    "synonyms": [
      "barley"
    ]
  },
  {
    "value": "pearl millet",
    "synonyms": [
      "pearl millet"
    ]
  },
  {
    "value": "bean sprouts",
    "synonyms": [
      "bean sprouts"
    ]
  },
  {
    "value": "beef",
    "synonyms": [
      "beef"
    ]
  },
  {
    "value": "chicken",
    "synonyms": [
      "chicken"
    ]
  },
  {
    "value": "turkey",
    "synonyms": [
      "turkey"
    ]
  },
  {
    "value": "pork",
    "synonyms": [
      "pork"
    ]
  },
  {
    "value": "partridge",
    "synonyms": [
      "partridge"
    ]
  },
  {
    "value": "meat stock",
    "synonyms": [
      "meat stock"
    ]
  },
  {
    "value": "keema",
    "synonyms": [
      "keema"
    ]
  },
  {
    "value": "mutton liver",
    "synonyms": [
      "mutton liver"
    ]
  },
  {
    "value": "ham",
    "synonyms": [
      "ham"
    ]
  },
  {
    "value": "crab",
    "synonyms": [
      "crab"
    ]
  },
  {
    "value": "chicken stock",
    "synonyms": [
      "chicken stock"
    ]
  },
  {
    "value": "chops",
    "synonyms": [
      "chops"
    ]
  },
  {
    "value": "pork",
    "synonyms": [
      "pork"
    ]
  },
  {
    "value": "mutton",
    "synonyms": [
      "mutton"
    ]
  },
  {
    "value": "quail",
    "synonyms": [
      "quail"
    ]
  },
  {
    "value": "lamb meat",
    "synonyms": [
      "lamb meat"
    ]
  },
  {
    "value": "bacon",
    "synonyms": [
      "bacon"
    ]
  },
  {
    "value": "gruyere cheese",
    "synonyms": [
      "gruyere cheese"
    ]
  },
  {
    "value": "gouda cheese",
    "synonyms": [
      "gouda cheese"
    ]
  },
  {
    "value": "feta cheese",
    "synonyms": [
      "feta cheese"
    ]
  },
  {
    "value": "milk",
    "synonyms": [
      "milk"
    ]
  },
  {
    "value": "brie cheese",
    "synonyms": [
      "brie cheese"
    ]
  },
  {
    "value": "cream cheese",
    "synonyms": [
      "cream cheese"
    ]
  },
  {
    "value": "ricotta cheese",
    "synonyms": [
      "ricotta cheese"
    ]
  },
  {
    "value": "parmesan cheese",
    "synonyms": [
      "parmesan cheese"
    ]
  },
  {
    "value": "blue cheese",
    "synonyms": [
      "blue cheese"
    ]
  },
  {
    "value": "cheddar cheese",
    "synonyms": [
      "cheddar cheese"
    ]
  },
  {
    "value": "mascarpone cheese",
    "synonyms": [
      "mascarpone cheese"
    ]
  },
  {
    "value": "cream",
    "synonyms": [
      "cream"
    ]
  },
  {
    "value": "provolone cheese",
    "synonyms": [
      "provolone cheese"
    ]
  },
  {
    "value": "mozzarella cheese",
    "synonyms": [
      "mozzarella cheese"
    ]
  },
  {
    "value": "khoya",
    "synonyms": [
      "khoya"
    ]
  },
  {
    "value": "hung curd",
    "synonyms": [
      "hung curd"
    ]
  },
  {
    "value": "yogurt",
    "synonyms": [
      "yogurt"
    ]
  },
  {
    "value": "cottage cheese",
    "synonyms": [
      "cottage cheese"
    ]
  },
  {
    "value": "condensed milk",
    "synonyms": [
      "condensed milk"
    ]
  },
  {
    "value": "butter",
    "synonyms": [
      "butter"
    ]
  },
  {
    "value": "buttermilk",
    "synonyms": [
      "buttermilk"
    ]
  },
  {
    "value": "cranberry",
    "synonyms": [
      "cranberry"
    ]
  },
  {
    "value": "kiwi",
    "synonyms": [
      "kiwi"
    ]
  },
  {
    "value": "blueberries",
    "synonyms": [
      "blueberries"
    ]
  },
  {
    "value": "mango",
    "synonyms": [
      "mango"
    ]
  },
  {
    "value": "watermelon",
    "synonyms": [
      "watermelon"
    ]
  },
  {
    "value": "strawberry",
    "synonyms": [
      "strawberry"
    ]
  },
  {
    "value": "water chestnut",
    "synonyms": [
      "water chestnut"
    ]
  },
  {
    "value": "papaya",
    "synonyms": [
      "papaya"
    ]
  },
  {
    "value": "orange",
    "synonyms": [
      "orange"
    ]
  },
  {
    "value": "olives",
    "synonyms": [
      "olives"
    ]
  },
  {
    "value": "pear",
    "synonyms": [
      "pear"
    ]
  },
  {
    "value": "sultana",
    "synonyms": [
      "sultana"
    ]
  },
  {
    "value": "mulberry",
    "synonyms": [
      "mulberry"
    ]
  },
  {
    "value": "lychee",
    "synonyms": [
      "lychee"
    ]
  },
  {
    "value": "lemon",
    "synonyms": [
      "lemon"
    ]
  },
  {
    "value": "raisins",
    "synonyms": [
      "raisins"
    ]
  },
  {
    "value": "tamarind",
    "synonyms": [
      "tamarind"
    ]
  },
  {
    "value": "grapefruit",
    "synonyms": [
      "grapefruit"
    ]
  },
  {
    "value": "dried fruit",
    "synonyms": [
      "dried fruit"
    ]
  },
  {
    "value": "dates",
    "synonyms": [
      "dates"
    ]
  },
  {
    "value": "custard apple",
    "synonyms": [
      "custard apple"
    ]
  },
  {
    "value": "currant",
    "synonyms": [
      "currant"
    ]
  },
  {
    "value": "coconut",
    "synonyms": [
      "coconut"
    ]
  },
  {
    "value": "cherry",
    "synonyms": [
      "cherry"
    ]
  },
  {
    "value": "banana",
    "synonyms": [
      "banana"
    ]
  },
  {
    "value": "peach",
    "synonyms": [
      "peach"
    ]
  },
  {
    "value": "apricot",
    "synonyms": [
      "apricots"
    ]
  },
  {
    "value": "apple",
    "synonyms": [
      "apple"
    ]
  },
  {
    "value": "figs",
    "synonyms": [
      "figs"
    ]
  },
  {
    "value": "grapes",
    "synonyms": [
      "grapes"
    ]
  },
  {
    "value": "pomegranate",
    "synonyms": [
      "pomegranate"
    ]
  },
  {
    "value": "pineapple",
    "synonyms": [
      "pineapple"
    ]
  },
  {
    "value": "guava",
    "synonyms": [
      "guava"
    ]
  },
  {
    "value": "plum",
    "synonyms": [
      "plum"
    ]
  },
  {
    "value": "shrimp",
    "synonyms": [
      "shrimp"
    ]
  },
  {
    "value": "tuna",
    "synonyms": [
      "tuna"
    ]
  },
  {
    "value": "shellfish",
    "synonyms": [
      "shellfish"
    ]
  },
  {
    "value": "shark",
    "synonyms": [
      "shark"
    ]
  },
  {
    "value": "hilsa",
    "synonyms": [
      "hilsa"
    ]
  },
  {
    "value": "sardines",
    "synonyms": [
      "sardines"
    ]
  },
  {
    "value": "salmon",
    "synonyms": [
      "salmon"
    ]
  },
  {
    "value": "prawns",
    "synonyms": [
      "prawns"
    ]
  },
  {
    "value": "pomfret",
    "synonyms": [
      "pomfret"
    ]
  },
  {
    "value": "perch",
    "synonyms": [
      "perch"
    ]
  },
  {
    "value": "pearl spot",
    "synonyms": [
      "pearl spot"
    ]
  },
  {
    "value": "mussels",
    "synonyms": [
      "mussels"
    ]
  },
  {
    "value": "mullet",
    "synonyms": [
      "mullet"
    ]
  },
  {
    "value": "squids",
    "synonyms": [
      "squids"
    ]
  },
  {
    "value": "haddock",
    "synonyms": [
      "haddock"
    ]
  },
  {
    "value": "flounder",
    "synonyms": [
      "flounder"
    ]
  },
  {
    "value": "fish stock",
    "synonyms": [
      "fish stock"
    ]
  },
  {
    "value": "fish",
    "synonyms": [
      "fish"
    ]
  },
  {
    "value": "fish fillet",
    "synonyms": [
      "fish fillet"
    ]
  },
  {
    "value": "cuttle fish",
    "synonyms": [
      "cuttle fish"
    ]
  },
  {
    "value": "cod",
    "synonyms": [
      "cod"
    ]
  },
  {
    "value": "clams",
    "synonyms": [
      "clams"
    ]
  },
  {
    "value": "cat fish",
    "synonyms": [
      "cat fish"
    ]
  },
  {
    "value": "mackerel",
    "synonyms": [
      "mackerel"
    ]
  },
  {
    "value": "anchovies",
    "synonyms": [
      "anchovies"
    ]
  },
  {
    "value": "brown sugar",
    "synonyms": [
      "brown sugar"
    ]
  },
  {
    "value": "honey",
    "synonyms": [
      "honey"
    ]
  },
  {
    "value": "sugar",
    "synonyms": [
      "sugar"
    ]
  },
  {
    "value": "syrup",
    "synonyms": [
      "syrup"
    ]
  },
  {
    "value": "cane sugar",
    "synonyms": [
      "cane sugar"
    ]
  },
  {
    "value": "caramel",
    "synonyms": [
      "caramel"
    ]
  },
  {
    "value": "jaggery",
    "synonyms": [
      "jaggery"
    ]
  },
  {
    "value": "canola oil",
    "synonyms": [
      "canola oil"
    ]
  },
  {
    "value": "chia seeds",
    "synonyms": [
      "chia seeds"
    ]
  },
  {
    "value": "hazelnut",
    "synonyms": [
      "hazelnut"
    ]
  },
  {
    "value": "pine nuts",
    "synonyms": [
      "pine nuts"
    ]
  },
  {
    "value": "mustard oil",
    "synonyms": [
      "mustard oil"
    ]
  },
  {
    "value": "sunflower seeds",
    "synonyms": [
      "sunflower seeds"
    ]
  },
  {
    "value": "sesame oil",
    "synonyms": [
      "sesame oil"
    ]
  },
  {
    "value": "pistachio",
    "synonyms": [
      "pistachio"
    ]
  },
  {
    "value": "olive oil",
    "synonyms": [
      "olive oil"
    ]
  },
  {
    "value": "mustard seeds",
    "synonyms": [
      "mustard seeds"
    ]
  },
  {
    "value": "poppy seeds",
    "synonyms": [
      "poppy seeds"
    ]
  },
  {
    "value": "sesame seeds",
    "synonyms": [
      "sesame seeds"
    ]
  },
  {
    "value": "peanuts",
    "synonyms": [
      "peanuts"
    ]
  },
  {
    "value": "cashew nuts",
    "synonyms": [
      "cashew nuts"
    ]
  },
  {
    "value": "almonds",
    "synonyms": [
      "almonds"
    ]
  },
  {
    "value": "walnuts",
    "synonyms": [
      "walnuts"
    ]
  },
  {
    "value": "almond milk",
    "synonyms": [
      "almond milk"
    ]
  },
  {
    "value": "red wine",
    "synonyms": [
      "red wine"
    ]
  },
  {
    "value": "vinegar",
    "synonyms": [
      "vinegar"
    ]
  },
  {
    "value": "margarine",
    "synonyms": [
      "margarine"
    ]
  },
  {
    "value": "soy milk",
    "synonyms": [
      "soy milk"
    ]
  },
  {
    "value": "white wine",
    "synonyms": [
      "white wine"
    ]
  },
  {
    "value": "yeast",
    "synonyms": [
      "yeast"
    ]
  },
  {
    "value": "rice vinegar",
    "synonyms": [
      "rice vinegar"
    ]
  },
  {
    "value": "sea salt",
    "synonyms": [
      "sea salt"
    ]
  },
  {
    "value": "hoisin sauce",
    "synonyms": [
      "hoisin sauce"
    ]
  },
  {
    "value": "malt inegar",
    "synonyms": [
      "malt inegar"
    ]
  },
  {
    "value": "chocolate chips",
    "synonyms": [
      "chocolate chips"
    ]
  },
  {
    "value": "quinoa",
    "synonyms": [
      "quinoa"
    ]
  },
  {
    "value": "rice flour",
    "synonyms": [
      "rice flour"
    ]
  },
  {
    "value": "polenta",
    "synonyms": [
      "polenta"
    ]
  },
  {
    "value": "oyster sauce",
    "synonyms": [
      "oyster sauce"
    ]
  },
  {
    "value": "flat noodles",
    "synonyms": [
      "flat noodles"
    ]
  },
  {
    "value": "balsamic vinegar",
    "synonyms": [
      "balsamic vinegar"
    ]
  },
  {
    "value": "coconut oil",
    "synonyms": [
      "coconut oil"
    ]
  },
  {
    "value": "rice noodles",
    "synonyms": [
      "rice noodles"
    ]
  },
  {
    "value": "barfi",
    "synonyms": [
      "barfi"
    ]
  },
  {
    "value": "coffee",
    "synonyms": [
      "coffee"
    ]
  },
  {
    "value": "beer",
    "synonyms": [
      "beer"
    ]
  },
  {
    "value": "chocolate",
    "synonyms": [
      "chocolate"
    ]
  },
  {
    "value": "sake",
    "synonyms": [
      "sake"
    ]
  },
  {
    "value": "vanilla essence",
    "synonyms": [
      "vanilla essence"
    ]
  },
  {
    "value": "tortilla",
    "synonyms": [
      "tortilla"
    ]
  },
  {
    "value": "vegetable oil",
    "synonyms": [
      "vegetable oil"
    ]
  },
  {
    "value": "tartaric acid",
    "synonyms": [
      "tartaric acid"
    ]
  },
  {
    "value": "soya sauce",
    "synonyms": [
      "soya sauce"
    ]
  },
  {
    "value": "sharbat",
    "synonyms": [
      "sharbat"
    ]
  },
  {
    "value": "glycerine",
    "synonyms": [
      "glycerine"
    ]
  },
  {
    "value": "gelatin",
    "synonyms": [
      "gelatin"
    ]
  },
  {
    "value": "fish sauce",
    "synonyms": [
      "fish sauce"
    ]
  },
  {
    "value": "cornflour",
    "synonyms": [
      "cornflour"
    ]
  },
  {
    "value": "cognac",
    "synonyms": [
      "cognac"
    ]
  },
  {
    "value": "coconut milk",
    "synonyms": [
      "coconut milk"
    ]
  },
  {
    "value": "coconut water",
    "synonyms": [
      "coconut water"
    ]
  },
  {
    "value": "cocoa",
    "synonyms": [
      "cocoa"
    ]
  },
  {
    "value": "tea",
    "synonyms": [
      "tea"
    ]
  },
  {
    "value": "brown sauce",
    "synonyms": [
      "brown sauce"
    ]
  },
  {
    "value": "baking soda",
    "synonyms": [
      "baking soda"
    ]
  },
  {
    "value": "tofu",
    "synonyms": [
      "tofu"
    ]
  },
  {
    "value": "baking powder",
    "synonyms": [
      "baking powder"
    ]
  },
  {
    "value": "arrowroot",
    "synonyms": [
      "arrowroot"
    ]
  },
  {
    "value": "egg",
    "synonyms": [
      "egg"
    ]
  },
  {
    "value": "alum",
    "synonyms": [
      "alum"
    ]
  },
  {
    "value": "vermicelli",
    "synonyms": [
      "vermicelli"
    ]
  },
  {
    "value": "sev",
    "synonyms": [
      "sev"
    ]
  },
  {
    "value": "rum",
    "synonyms": [
      "rum"
    ]
  },
  {
    "value": "pasta",
    "synonyms": [
      "pasta"
    ]
  },
  {
    "value": "roux",
    "synonyms": [
      "roux"
    ]
  },
  {
    "value": "petha",
    "synonyms": [
      "petha"
    ]
  },
  {
    "value": "papad",
    "synonyms": [
      "papad"
    ]
  },
  {
    "value": "meringue",
    "synonyms": [
      "meringue"
    ]
  },
  {
    "value": "mayonnaise",
    "synonyms": [
      "mayonnaise"
    ]
  },
  {
    "value": "melon seeds",
    "synonyms": [
      "melon seeds"
    ]
  },
  {
    "value": "lotus seeds",
    "synonyms": [
      "lotus seeds"
    ]
  },
  {
    "value": "vetiver",
    "synonyms": [
      "vetiver"
    ]
  },
  {
    "value": "screw pine",
    "synonyms": [
      "screw pine"
    ]
  },
  {
    "value": "jus",
    "synonyms": [
      "jus"
    ]
  },
  {
    "value": "jelly",
    "synonyms": [
      "jelly"
    ]
  },
  {
    "value": "rose water",
    "synonyms": [
      "rose water"
    ]
  },
  {
    "value": "gold leaves",
    "synonyms": [
      "gold leaves"
    ]
  },
  {
    "value": "marzipan",
    "synonyms": [
      "marzipan"
    ]
  },
  {
    "value": "ajinomoto",
    "synonyms": [
      "ajinomoto"
    ]
  },
  {
    "value": "agar",
    "synonyms": [
      "agar"
    ]
  }
]