[
  {
    "value": "ainu",
    "synonyms": [
      "ainu"
    ]
  },
  {
    "value": "albanian",
    "synonyms": [
      "albanian"
    ]
  },
  {
    "value": "argentine",
    "synonyms": [
      "argentine"
    ]
  },
  {
    "value": "andhra",
    "synonyms": [
      "andhra"
    ]
  },
  {
    "value": "anglo-indian",
    "synonyms": [
      "anglo-indian"
    ]
  },
  {
    "value": "arab",
    "synonyms": [
      "arab"
    ]
  },
  {
    "value": "armenian",
    "synonyms": [
      "armenian"
    ]
  },
  {
    "value": "assyrian",
    "synonyms": [
      "assyrian"
    ]
  },
  {
    "value": "awadhi",
    "synonyms": [
      "awadhi"
    ]
  },
  {
    "value": "azerbaijani",
    "synonyms": [
      "azerbaijani"
    ]
  },
  {
    "value": "balochi",
    "synonyms": [
      "balochi"
    ]
  },
  {
    "value": "belarusian",
    "synonyms": [
      "belarusian"
    ]
  },
  {
    "value": "bangladeshi",
    "synonyms": [
      "bangladeshi"
    ]
  },
  {
    "value": "bengali",
    "synonyms": [
      "bengali"
    ]
  },
  {
    "value": "berber",
    "synonyms": [
      "berber"
    ]
  },
  {
    "value": "brazilian",
    "synonyms": [
      "brazilian"
    ]
  },
  {
    "value": "buddhist",
    "synonyms": [
      "buddhist"
    ]
  },
  {
    "value": "bulgarian",
    "synonyms": [
      "bulgarian"
    ]
  },
  {
    "value": "cajun",
    "synonyms": [
      "cajun"
    ]
  },
  {
    "value": "cantonese",
    "synonyms": [
      "cantonese"
    ]
  },
  {
    "value": "carribean",
    "synonyms": [
      "carribean"
    ]
  },
  {
    "value": "chechen",
    "synonyms": [
      "chechen"
    ]
  },
  {
    "value": "chinese",
    "synonyms": [
      "chinese"
    ]
  },
  {
    "value": "circassian",
    "synonyms": [
      "circassian"
    ]
  },
  {
    "value": "crimean tatar",
    "synonyms": [
      "crimean tatar"
    ]
  },
  {
    "value": "cypriot",
    "synonyms": [
      "cypriot"
    ]
  },
  {
    "value": "danish",
    "synonyms": [
      "danish"
    ]
  },
  {
    "value": "english",
    "synonyms": [
      "english"
    ]
  },
  {
    "value": "estonian",
    "synonyms": [
      "estonian"
    ]
  },
  {
    "value": "french",
    "synonyms": [
      "french"
    ]
  },
  {
    "value": "filipino",
    "synonyms": [
      "filipino"
    ]
  },
  {
    "value": "georgian",
    "synonyms": [
      "georgian"
    ]
  },
  {
    "value": "german",
    "synonyms": [
      "german"
    ]
  },
  {
    "value": "goan",
    "synonyms": [
      "goan"
    ]
  },
  {
    "value": "greek",
    "synonyms": [
      "greek"
    ]
  },
  {
    "value": "gujarati",
    "synonyms": [
      "gujarati"
    ]
  },
  {
    "value": "hyderabad",
    "synonyms": [
      "hyderabad"
    ]
  },
  {
    "value": "indian",
    "synonyms": [
      "indian"
    ]
  },
  {
    "value": "indonesian",
    "synonyms": [
      "indonesian"
    ]
  },
  {
    "value": "inuit",
    "synonyms": [
      "inuit"
    ]
  },
  {
    "value": "irish",
    "synonyms": [
      "irish"
    ]
  },
  {
    "value": "italian",
    "synonyms": [
      "italian"
    ]
  },
  {
    "value": "jamaican",
    "synonyms": [
      "jamaican"
    ]
  },
  {
    "value": "japanese",
    "synonyms": [
      "japanese"
    ]
  },
  {
    "value": "jewish",
    "synonyms": [
      "jewish"
    ]
  },
  {
    "value": "karnataka",
    "synonyms": [
      "karnataka"
    ]
  },
  {
    "value": "kazakh",
    "synonyms": [
      "kazakh"
    ]
  },
  {
    "value": "korean",
    "synonyms": [
      "korean"
    ]
  },
  {
    "value": "keralite",
    "synonyms": [
      "keralite"
    ]
  },
  {
    "value": "kurdish",
    "synonyms": [
      "kurdish"
    ]
  },
  {
    "value": "laotian",
    "synonyms": [
      "laotian"
    ]
  },
  {
    "value": "lebanese",
    "synonyms": [
      "lebanese"
    ]
  },
  {
    "value": "latvian",
    "synonyms": [
      "latvian"
    ]
  },
  {
    "value": "lithuanian",
    "synonyms": [
      "lithuanian"
    ]
  },
  {
    "value": "mangalorean",
    "synonyms": [
      "mangalorean"
    ]
  },
  {
    "value": "malay",
    "synonyms": [
      "malay"
    ]
  },
  {
    "value": "malaysian",
    "synonyms": [
      "malaysian"
    ]
  },
  {
    "value": "mediterranean",
    "synonyms": [
      "mediterranean"
    ]
  },
  {
    "value": "mexican",
    "synonyms": [
      "mexican"
    ]
  },
  {
    "value": "mordoian",
    "synonyms": [
      "mordoian"
    ]
  },
  {
    "value": "mughal",
    "synonyms": [
      "mughal"
    ]
  },
  {
    "value": "nepalese",
    "synonyms": [
      "nepalese"
    ]
  },
  {
    "value": "odia",
    "synonyms": [
      "odia"
    ]
  },
  {
    "value": "parsi",
    "synonyms": [
      "parsi"
    ]
  },
  {
    "value": "pashtun",
    "synonyms": [
      "pashtun"
    ]
  },
  {
    "value": "polish",
    "synonyms": [
      "polish"
    ]
  },
  {
    "value": "pakistani",
    "synonyms": [
      "pakistani"
    ]
  },
  {
    "value": "persian",
    "synonyms": [
      "persian"
    ]
  },
  {
    "value": "peruvian",
    "synonyms": [
      "peruvian"
    ]
  },
  {
    "value": "portuguese",
    "synonyms": [
      "portuguese"
    ]
  },
  {
    "value": "punjabi",
    "synonyms": [
      "punjabi"
    ]
  },
  {
    "value": "romanian",
    "synonyms": [
      "romanian"
    ]
  },
  {
    "value": "russian",
    "synonyms": [
      "russian"
    ]
  },
  {
    "value": "sami",
    "synonyms": [
      "sami"
    ]
  },
  {
    "value": "serbian",
    "synonyms": [
      "serbian"
    ]
  },
  {
    "value": "slovak",
    "synonyms": [
      "slovak"
    ]
  },
  {
    "value": "slovenian",
    "synonyms": [
      "slovenian"
    ]
  },
  {
    "value": "somali",
    "synonyms": [
      "somali"
    ]
  },
  {
    "value": "spanish",
    "synonyms": [
      "spanish"
    ]
  },
  {
    "value": "sri lankan",
    "synonyms": [
      "sri lankan"
    ]
  },
  {
    "value": "taiwanese",
    "synonyms": [
      "taiwanese"
    ]
  },
  {
    "value": "tatar",
    "synonyms": [
      "tatar"
    ]
  },
  {
    "value": "thai",
    "synonyms": [
      "thai"
    ]
  },
  {
    "value": "turkish",
    "synonyms": [
      "turkish"
    ]
  },
  {
    "value": "tamil",
    "synonyms": [
      "tamil"
    ]
  },
  {
    "value": "udupi",
    "synonyms": [
      "udupi"
    ]
  },
  {
    "value": "ukrainian",
    "synonyms": [
      "ukrainian"
    ]
  },
  {
    "value": "vietnamese",
    "synonyms": [
      "vietnamese"
    ]
  },
  {
    "value": "yamal",
    "synonyms": [
      "yamal"
    ]
  },
  {
    "value": "zambian",
    "synonyms": [
      "zambian"
    ]
  },
  {
    "value": "zanziban",
    "synonyms": [
      "zanziban"
    ]
  }
]